unit id,unit name,collab?,non_returning,unused,cake,eoc,itf,cotc,itf can be alien,is modded available (set during the program),swap strength,,,,this is just here so it doesnt break since it kills the last value
0,Empty,0,0,0,,,,,,,-1,,,,
1,Empty,0,0,0,,,,,,,-1,,,,
2,Doge,0,0,0,,1,1,1,,,1,,,,
3,Snache,0,0,0,,1,1,1,,,1,,,,
4,Those Guys,0,0,0,,1,1,1,,,2,,,,
5,Hippoe,0,0,0,,1,1,,,,5,,,,
6,Pigge,0,0,0,,1,1,1,,,5,,,,
7,Jackie Peng,0,0,0,,1,1,1,,,5,,,,
8,Gory,0,0,0,,1,1,1,,,6,,,,
9,Baa Baa,0,0,0,,1,1,1,,,2,,,,
10,Sir Seal,0,0,0,,1,1,1,,,7,,,,
11,Le'boin,0,0,0,,1,1,,,,10,,,,
12,Kang Roo,0,0,0,,1,1,1,,,7,,,,
13,One Horn,0,0,0,,1,1,1,,,7,,,,
14,Teacher Bear,0,0,0,,1,1,,,,7,,,,
15,Croco,0,0,0,,1,1,1,,,2,,,,
16,B.B.Bunny,0,0,0,,1,1,1,,,2,,,,
17,Squire Rel,0,0,0,,1,1,1,,,1,,,,
18,Assassin Bear,0,0,0,,,,,,,19,,,,
19,Shy Boy,0,0,0,,,1,1,,,12,,,,
20,The Face,0,0,0,,1,1,,,,10,,,,
21,Placeholder with Zoge's sprites (formerly Bloodsucker's),0,0,1,,,,,,,-1,,,,
22,Placeholder with Doge's sprites,0,0,1,,,,,,,-1,,,,
23,Ms. Sign,0,0,0,,1,1,1,,,10,,,,
24,Mooth,0,0,0,,1,1,1,,,7,,,,
25,Dark Emperor Nyandam,0,0,0,,1,,,,,12,,,,
26,Teacher Bun Bun,0,0,0,,1,,,,,14,,,,
27,Swordsman (form 1),1,1,0,,,,,,,5,,,,
28,Li'l Gau (form 1),1,1,0,,,,,,,5,,,,
29,Kerihime (form 1),1,1,0,,,,,,,5,,,,
30,Swordsman (form 2),1,1,0,,,,,,,5,,,,
31,Li'l Gau (form 2),1,1,0,,,,,,,5,,,,
32,Kerihime (form 2),1,1,0,,,,,,,5,,,,
33,Master A.,0,0,0,,,,,,,17,,,,
34,R.Ost,0,0,0,,,,,,,17,,,,
35,Otta-smack-u,0,0,0,,,1,,,,10,,,,
36,Kory,0,0,0,,,,,,,14,,,,
37,Camelle,0,0,0,,,,,,,14,,,,
38,Duche,0,0,0,,,,,,,10,,,,
39,Owlbrow,0,0,0,,,,,,,11,,,,
40,Bore,0,0,0,,,1,1,,,14,,,,
41,THE SLOTH,0,0,0,,,,,,,15,,,,
42,Rain D.,0,0,0,,,,,,,16,,,,
43,Dagshund,0,0,0,,,,1,,,12,,,,
44,Celeboodle,0,0,0,,,1,,1,,7,,,,
45,H. Nah,0,0,0,,,,,,,12,,,,
46,Dober P.D,0,0,0,,,,,,,16,,,,
47,Ururun Wolf,0,0,0,,,,,,,20,,,,
48,Doge Dark,0,0,0,,,1,1,,,9,,,,
49,Metal Hippoe,0,0,0,,,1,1,1,,7,,,,
50,St. Pigge the 2nd,0,0,0,,,,1,,,12,,,,
51,J.K Bun Bun,0,0,0,,,,,,,16,,,,
52,Bun Bun Black,0,0,0,,,,,,,16,,,,
53,Gory Black,0,0,0,,,1,1,,,11,,,,
54,Shadow Boxer K,0,0,0,,,1,1,,,13,,,,
55,Director Kurosawah,0,0,0,,,,,,,19,,,,
56,Super Metal Hippoe,0,0,0,,,,,,,16,,,,
57,Type 10 (Unseen),1,1,1,,,,,,,15,,,,
57,Type 10 (Hometown Self-Defense Force),1,1,1,,,,,,,15,,,,
58,Metal One Horn,0,0,0,,,,1,,,14,,,,
59,Teacher Cybear,0,0,0,,,,,,,20,,,,
60,CyberFace,0,0,0,,,,,,,17,,,,
61,Sir Metal Seal,0,0,0,,,,,,,18,,,,
62,Yurinchi,1,1,0,,,,,,,15,,,,
63,Princess Head,1,1,0,,,,,,,15,,,,
64,Chief Peng,0,0,0,,,,,,,5,,,,
65,Dark Emperor Santa,0,0,0,,,,,,,14,,,,
66,Red Cyclone,0,0,0,,,,,,,20,,,,
67,Lione Hippoe,0,0,0,,,,,,,11,,,,
68,Lucky Sloth,0,0,0,,,,,,,12,,,,
69,Bears Be Bare,0,0,0,,,,,,,10,,,,
70,Monkey King,1,1,0,,,,,,,15,,,,
71,White Cyclone,0,0,0,,,,,,,20,,,,
72,Black Cyclone,0,0,0,,,,,,,20,,,,
73,Metal Cyclone,0,0,0,,,,,,,20,,,,
74,Nimue,1,1,0,,,,,,,15,,,,
75,Neutralization Type Nimue,1,1,0,,,,,,,15,,,,
76,SSS Monkey King,1,1,0,,,,,,,15,,,,
77,Crazed Cat,0,0,0,,,,,,,21,,,,
78,Crazed Tank Cat,0,0,0,,,,,,,22,,,,
79,Crazed Axe Cat,0,0,0,,,,,,,21,,,,
80,Crazed Gross Cat,0,0,0,,,,,,,16,,,,
81,Crazed Cow Cat,0,0,0,,,,,,,14,,,,
82,Crazed Bird Cat,0,0,0,,,,,,,22,,,,
83,Crazed Fish Cat,0,0,0,,,,,,,15,,,,
84,Crazed Lizard Cat,0,0,0,,,,,,,19,,,,
85,Crazed Titan Cat,0,0,0,,,,,,,23,,,,
86,Teacher A,0,0,0,,,,,,,14,,,,
87,Samurai Doggy,0,0,0,,,,,,,12,,,,
88,Mega Cat,0,0,0,,,,,,,20,,,,
89,Gory Groom,0,0,0,,,,,,,20,,,,
90,Celesse,1,0,0,,,,,,,15,,,,
91,Nono,1,0,0,,,,,,,15,,,,
92,Olga,1,0,0,,,,,,,15,,,,
93,Norn,1,0,0,,,,,,,15,,,,
94,Yoichi,1,0,0,,,,,,,15,,,,
95,Serum,1,0,0,,,,,,,15,,,,
96,Fuu,1,0,0,,,,,,,15,,,,
97,Aura,1,0,0,,,,,,,15,,,,
98,Rei,1,0,0,,,,,,,15,,,,
99,Wyvern,1,0,0,,,,,,,15,,,,
100,Healer,1,0,0,,,,,,,15,,,,
101,Sunny Celeboodle,0,0,0,,,,,,,16,,,,
102,Bearkini,0,0,0,,,,,,,12,,,,
103,Lord Enma,0,0,0,,,,,,,18,,,,
104,Dashing Face,0,0,0,,,,,,,15,,,,
105,Ghost Doge,0,0,0,,,,,,,1,,,,
106,Ghost Snache,0,0,0,,,,,,,1,,,,
107,Ghost Baa Baa,0,0,0,,,,,,,1,,,,
108,Fireworks Guys (High-Yield),0,0,0,,,,,,,1,,,,
109,Fireworks Guys (Low-Yield),0,0,0,,,,,,,1,,,,
110,Mighty Gui Zuli,0,0,0,,,,,,,17,,,,
111,Hermit Peng,0,0,0,,,,,,,15,,,,
112,Master Da Xun,0,0,0,,,,,,,14,,,,
113,Pigge Back,0,0,0,,,,,,,9,,,,
114,Divine Cyclone,0,0,0,,,,,,,20,,,,
115,Heavenly Hippoe,0,0,0,,,1,1,,,9,,,,
116,Gabriel,0,0,0,,,1,1,,,5,,,,
117,Angelic Gory,0,0,0,,,1,1,,,12,,,,
118,Angel Fanboy,0,0,0,,,,,,,7,,,,
119,Wall Doge,0,0,0,,,,,,,4,,,,
120,Ginger Snache,0,0,0,,,1,1,,,4,,,,
121,Sunfish Jones,0,0,0,,,,,,,18,,,,
122,Birthday Cake,0,0,0,1,,,,,,1,,,,
123,Dragon League Witch,1,1,,,,,,,,15,,,,
124,Dragon League Swordsman,1,1,,,,,,,,15,,,,
125,Pigeon de Sable,0,0,0,,,,,,,9,,,,
126,Dark Otter,0,0,0,,,1,,,,12,,,,
127,Angelic Sleipnir,0,0,0,,,,,,,17,,,,
128,Sunrise Doge,0,0,0,,,,,,,20,,,,
129,Beefcake Cat,0,0,0,,,,,,,21,,,,
130,Dancer Cat,0,0,0,,,,,,,20,,,,
131,Hyper Mr.,0,0,0,,,,,,,16,,,,
132,Ultimate Bondage Cat,0,0,0,,,,,,,18,,,,
133,Dark Lazer,0,0,0,,,,,,,20,,,,
134,Heavy Assault C.A.T.,0,0,0,,,,,,,22,,,,
135,Lollycat,0,0,0,,,,,,,18,,,,
136,Unicycle Cat,0,0,0,,,,,,,17,,,,
137,Flying Ninja Cat,0,0,0,,,,,,,22,,,,
138,Skelecat,0,0,0,,,,,,,16,,,,
139,Pastry Cat,0,0,0,,,,,,,20,,,,
140,Riceball Cat,0,0,0,,,,,,,15,,,,
141,Gato Amigo,0,0,0,,,,,,,9,,,,
142,Loincloth Cat,0,0,0,,,,,,,16,,,,
143,Sho Ayanokoji,1,1,0,,,,,,,15,,,,
144,Hikaru Saotome,1,1,0,,,,,,,15,,,,
145,Hitomi Saionji,1,1,0,,,,,,,15,,,,
146,Hoshi Grandmarnier,1,1,0,,,,,,,15,,,,
147,Shouchikubai Shiratori,1,1,0,,,,,,,15,,,,
148,Trolly Blogger,0,0,0,,,1,1,1,,2,,,,
149,Metal Doge,0,0,0,,,1,1,,,4,,,,
150,Li'l Nyandam,0,0,0,,,,,,,20,,,,
151,Le'noir,0,0,0,,,1,,,,15,,,,
152,Young Man Mola,1,0,0,,,,,,,15,,,,
153,Mola King,1,0,0,,,,,,,15,,,,
154,Ayumi Manbosaki,1,0,0,,,,,,,15,,,,
155,Tasmanian Giant Crab,1,0,0,,,,,,,15,,,,
156,Sardine,1,0,0,,,,,,,15,,,,
157,Squid,1,0,0,,,,,,,15,,,,
158,Marching Kory,0,0,0,,,,,,,14,,,,
159,Sakura Android,1,1,0,,,,,,,15,,,,
160,Takuya,1,0,0,,,,,,,15,,,,
161,Yuki,1,0,0,,,,,,,15,,,,
162,Chickful A,0,0,0,,,,,,,16,,,,
163,Mob Cat,1,1,0,,,,,,,1,,,,
164,Yakuza Vampire,1,1,0,,,,,,,15,,,,
165,Hearscht,1,0,0,,,,,,,15,,,,
166,Cornelia,1,0,0,,,,,,,15,,,,
167,Alois,1,0,0,,,,,,,15,,,,
168,Healer Cat,1,0,0,,,,,,,15,,,,
169,Shibalien,0,0,0,,,1,1,,,1,,,,
170,Kroxo,0,0,0,,,1,1,,,4,,,,
171,Hyppoh,0,0,0,,,1,1,,,6,,,,
172,Imperator Sael,0,0,0,,,1,1,,,8,,,,
173,Maawth,0,0,0,,,1,1,,,10,,,,
174,LeMurr,0,0,0,,,1,1,,,11,,,,
175,Helmut Krabbe,0,0,0,,,1,1,,,7,,,,
176,I.M. Phace,0,0,0,,,1,1,,,12,,,,
177,Ursamajor,0,0,0,,,1,1,,,14,,,,
178,Cli-One,0,0,0,,,1,1,,,20,,,,
179,Nimoy Bore,0,0,0,,,1,1,,,17,,,,
180,Elizabeth the LVIth,0,0,0,,,1,1,,,16,,,,
181,Cosmic Cyclone,0,0,0,,,,,,,20,,,,
182,Galactic Overseer Nyandam,0,0,0,,,1,1,,,17,,,,
183,Corrupted Valkyrie,0,0,0,,,1,,,,20,,,,
184,Scissoroo,0,0,0,,,1,1,,,14,,,,
185,Cyberhorn,0,0,0,,,1,1,,,13,,,,
186,Mistress Celeboodle,0,0,0,,,1,1,,,7,,,,
187,Professor A.,0,0,0,,,,,,,19,,,,
188,20M DL Anniv. Doge Cake,0,0,0,1,,,,,,1,,,,
189,Rathalos,1,0,0,,,,,,,15,,,,
190,Rathian,1,0,0,,,,,,,15,,,,
191,MARS PEOPLE,1,0,0,,,,,,,15,,,,
192,DONALD MORDEN,1,0,0,,,,,,,15,,,,
193,ALLEN O'NEIL,1,0,0,,,,,,,15,,,,
194,MARCO,1,0,0,,,,,,,15,,,,
195,SV-001,1,0,0,,,,,,,15,,,,
196,HUGE HERMIT,1,0,0,,,,,,,15,,,,
197,JUPITER KING,1,0,0,,,,,,,15,,,,
198,HI-DO,1,0,0,,,,,,,15,,,,
199,Pumpkin Doge,0,0,0,,,,,,,1,,,,
200,Count Owlbrow,0,0,0,,,,,,,12,,,,
201,Vlad de Sable,0,0,0,,,,,,,6,,,,
202,Valkyrie,1,0,0,,,,,,,15,,,,
203,Brynhildr,1,0,0,,,,,,,15,,,,
204,Suruzu,1,0,0,,,,,,,15,,,,
205,Freya,1,0,0,,,,,,,15,,,,
206,Odin,1,0,0,,,,,,,15,,,,
207,Capy,0,0,0,,,,,,,18,,,,
208,Berserkory,0,0,0,,,,,,,19,,,,
209,Brollow,0,0,0,,,,,,,15,,,,
210,Calamary,0,0,0,,,1,,,,17,,,,
211,Alpacky,0,0,0,,,1,1,,,18,,,,
212,Elder Sloth,0,0,0,,,1,,,,18,,,,
213,Bun Bun Symbiote,0,0,0,,,1,1,,,19,,,,
214,Raging Bahamut Cat,0,0,0,,,1,,,,23,,,,
215,Christmas D.,0,0,0,,,,,,,16,,,,
216,Castle Guard,1,0,0,,,,,,,15,,,,
217,Castle Horseman,1,0,0,,,,,,,15,,,,
218,Ashura,1,0,0,,,,,,,15,,,,
219,Battle Balloon,1,0,0,,,,,,,15,,,,
220,Dragon Rider,1,0,0,,,,,,,15,,,,
221,Pretty Cat,1,0,0,,,,,,,15,,,,
222,Cyclops,1,0,0,,,,,,,15,,,,
223,Golem,1,0,0,,,,,,,15,,,,
224,Wise Swordsman,1,0,0,,,,,,,15,,,,
225,Black Thunder Rider,1,0,0,,,,,,,15,,,,
226,Kabuki Ashura,1,0,0,,,,,,,15,,,,
227,Battle UFO,1,0,0,,,,,,,15,,,,
228,Flame Dragon Rider,1,0,0,,,,,,,15,,,,
229,Cyber Pretty Cat,1,0,0,,,,,,,15,,,,
230,4D Cyclops,1,0,0,,,,,,,15,,,,
231,Volcano Golem,1,0,0,,,,,,,15,,,,
232,Prisoner Cat,0,0,0,,,,,,,20,,,,
233,Gentleman Bros.,0,0,0,,,,,,,20,,,,
234,Cruel Angel Clionel,0,0,0,,,,,,,26,,,,
235,Nyalladin,0,0,0,,,,,,,20,,,,
236,Wrestling Cat,0,0,0,,,,,,,20,,,,
237,Mr. Mole,0,0,0,,,,,,,18,,,,
238,The Perfect Cyclone,0,0,0,,,,,,,23,,,,
239,Nyamusu,1,1,0,,,,,,,15,,,,
240,Pochi,1,1,0,,,,,,,15,,,,
241,Kuromi,1,1,0,,,,,,,15,,,,
242,Setsuko,1,1,0,,,,,,,15,,,,
243,Nebaaru-kun,1,1,0,,,,,,,15,,,,
244,Manic Mohawk Cat,0,0,0,,,,,,,24,,,,
245,Manic Eraser Cat,0,0,0,,,,,,,23,,,,
246,Manic Dark Cat,0,0,0,,,,,,,24,,,,
247,Manic Macho Legs,0,0,0,,,,,,,19,,,,
248,Manic Lion Cat,0,0,0,,,,,,,18,,,,
249,Manic Flying Cat,0,0,0,,,,,,,24,,,,
250,Manic Island Cat,0,0,0,,,,,,,19,,,,
251,Manic King Dragon,0,0,0,,,,,,,20,,,,
252,Manic Jamiera Cat,0,0,0,,,,,,,25,,,,
253,Kiss and Koi,0,0,0,,,,,,,16,,,,
254,Madam the Savannah,0,0,0,,,,,,,20,,,,
255,Call Center Cat,0,0,0,,,,,,,17,,,,
256,Mr. Angel,0,0,0,,,,,,,5,,,,
257,Two Can,0,0,0,,,,,,,15,,,,
258,Tackey,0,0,0,,,,,,,17,,,,
259,King Wahwah,0,0,0,,,,,,,26,,,,
260,"Codename ""Red Riding""",0,0,0,,,,,,,26,,,,
261,Takuya and Lovely Yuki,1,0,0,,,,,,,15,,,,
262,Kite Cat,0,0,0,,,,,,,18,,,,
263,Boraphim,0,0,0,,,,,,,19,,,,
264,Ritual Drum Doge,0,0,0,,,,,,,20,,,,
265,Festive Otter,0,0,0,,,,,,,11,,,,
266,Funghi,1,1,0,,,,,,,15,,,,
267,Iron Claw X,0,0,0,,,,,,,20,,,,
268,Henry,0,0,0,,,,,,,17,,,,
269,Hannya,0,0,0,,,,,,,23,,,,
270,Package Doge,0,0,0,,,,,,,-1,,,,
271,Futenyan,1,1,0,,,,,,,15,,,,
272,Rampage Cats,0,0,0,,,,,,,16,,,,
273,Queen B,0,0,0,,,,,,,24,,,,
274,Li'l Bun Bun,0,0,0,,,,,,,14,,,,
275,The Rose Garden Witch,1,0,0,,,,,,,15,,,,
276,Dessert Witch - Obsession,1,0,0,,,,,,,15,,,,
277,Dessert Witch,1,0,0,,,,,,,15,,,,
278,Box Witch and Minions,1,0,0,,,,,,,15,,,,
279,Walpurgisnacht,1,0,0,,,,,,,15,,,,
280,Kyuubei,1,0,0,,,,,,,15,,,,
281,Ritual Cat,0,0,0,,,,,,,19,,,,
282,Razorback,0,0,0,,,,,,,19,,,,
283,Festival Sign Girl,0,0,0,,,,,,,2,,,,
284,Vendor El,0,0,0,,,,,,,12,,,,
285,Dummy,0,0,0,,,,,,,-1,,,,
286,Zoge,0,0,0,,,,,,,4,,,,
287,Znache,0,0,0,,,,,,,6,,,,
288,Zomboe,0,0,0,,,,,,,9,,,,
289,Zigge,0,0,0,,,,,,,9,,,,
290,Zackie Peng,0,0,0,,,,,,,11,,,,
291,Zory,0,0,0,,,,,,,11,,,,
292,Zir Zeal,0,0,0,,,,,,,14,,,,
293,Zang Roo,0,0,0,,,,,,,15,,,,
294,Zroco,0,0,0,,,,,,,7,,,,
295,Lord Gravey,0,0,0,,,,,,,20,,,,
296,Zyclone,0,0,0,,,,,,,21,,,,
297,Xmas Pudding Cat,0,0,0,,,,,,,20,,,,
298,Mega Cat EX,0,0,0,,,,,,,20,,,,
299,4th Anniversary Birthday Cake,,,,1,,,,,,1,,,,
300,Niconico TV,1,0,,,,,,,,15,,,,
301,W (form 1),1,0,,,,,,,,15,,,,
302,W (form 2),1,0,,,,,,,,15,,,,
303,W (form 3),1,0,,,,,,,,15,,,,
304,Neko Hakase,1,1,,,,,,,,15,,,,
305,Miss Haka,0,0,0,,,,,,,23,,,,
306,Big Sal,0,0,0,,,,,,,24,,,,
307,Pikotaro,1,1,,,,,,,,15,,,,
308,Le'mammoth,0,0,0,,,,,,,18,,,,
309,Ice Doge,0,0,0,,,,,,,6,,,,
310,Snowball,0,0,0,,,,,,,4,,,,
311,Coffin Zoge,0,0,0,,,,,,,9,,,,
312,Zamelle,0,0,0,,,,,,,18,,,,
313,Killer Cat,0,0,0,,,,,,,4,,,,
314,Corrupted Cat Base,0,0,0,,,,,,,-1,,,,
315,Hiroshi Mihara,1,1,0,,,,,,,15,,,,
316,Nazousagi,1,1,0,,,,,,,15,,,,
317,Doge Base,0,0,0,,,,,,,-1,,,,
318,Inumusha,0,0,0,,,,,,,20,,,,
319,Daboo of the Dead,0,0,0,,,,,,,24,,,,
320,Dolphina,0,0,0,,,,,,,16,,,,
321,Mobius,1,0,0,,,,,,,15,,,,
322,Belial,1,0,0,,,,,,,15,,,,
323,Happy 100,1,0,0,,,,,,,15,,,,
324,Li'l Mohawk Cat,0,0,0,,,,,,,22,,,,
325,Li'l Eraser Cat,0,0,0,,,,,,,22,,,,
326,Li'l Dark Cat,0,0,0,,,,,,,21,,,,
327,Li'l Macho Legs Cat,0,0,0,,,,,,,18,,,,
328,Li'l Lion Cat,0,0,0,,,,,,,15,,,,
329,Li'l Flying Cat,0,0,0,,,,,,,20,,,,
330,Li'l Island Cat,0,0,0,,,,,,,17,,,,
331,Li'l King Dragon Cat,0,0,0,,,,,,,19,,,,
332,Li'l Jamiera Cat,0,0,0,,,,,,,24,,,,
333,Easter Duche,0,0,0,,,,,,,14,,,,
334,Easter B.B.Bunny,0,0,0,,,,,,,12,,,,
335,Moai Statue,0,0,0,,,,,,,-1,,,,
336,Bridal Princess Punt,1,0,0,,,,,,,15,,,,
337,Oversleeping Beauty Punt,1,0,0,,,,,,,15,,,,
338,Golden Doge,0,0,0,,,,,,,1,,,,
339,Gold Hippoe,0,0,0,,,,,,,5,,,,
340,Pure Gold R.Ost,0,0,0,,,,,,,9,,,,
341,Lost World Yuki,1,0,0,,,,,,,15,,,,
342,Cala Maria,0,0,0,,,,,,,18,,,,
343,Red Slug,0,0,0,,,,,,,5,,,,
344,Black Slug,0,0,0,,,,,,,7,,,,
345,Angelic Slug,0,0,0,,,,,,,9,,,,
346,Cat Kart P,1,0,0,,,,,,,15,,,,
347,Nekondo SP,1,1,0,,,,,,,15,,,,
348,Merc & Cat,1,0,0,,,,,,,15,,,,
349,Titi Cat,1,0,0,,,,,,,15,,,,
350,Orthos,1,0,0,,,,,,,15,,,,
351,Michelia,1,0,0,,,,,,,15,,,,
352,Todomeki,1,0,0,,,,,,,15,,,,
353,Gudetama Plate,1,1,0,,,,,,,15,,,,
354,Gudegude Ã la mode,1,1,0,,,,,,,15,,,,
355,Nisetama Army,1,1,0,,,,,,,15,,,,
356,Hermit Cat,0,0,0,,,,,,,24,,,,
357,Croakley,0,0,0,,,,,,,18,,,,
358,Gary Gory,0,0,0,,,,,,,6,,,,
359,Value Meal Cat,0,0,0,,,,,,,11,,,,
360,Metal Snache,0,0,0,,,,,,,6,,,,
361,THE METAL SLOTH,0,0,0,,,,,,,12,,,,
362,Shibalien Elite,0,0,0,,,,1,,,9,,,,
363,Star Peng,0,0,0,,,,1,,,14,,,,
364,General GreGory,0,0,0,,,,1,,,15,,,,
365,Le'Solar,0,0,0,,,,1,,,17,,,,
366,Project A,0,0,0,,,,1,,,17,,,,
367,Corporal Weyland,0,0,0,,,,1,,,18,,,,
368,Spacefish Jones,0,0,0,,,,1,,,19,,,,
369,The Cat God,0,0,0,,,,1,,,21,,,,
370,Saber,1,0,0,,,,,,,15,,,,
371,Lancer,1,0,0,,,,,,,15,,,,
372,Archer,1,0,0,,,,,,,15,,,,
373,Rider,1,0,0,,,,,,,15,,,,
374,Gilgamesh,1,0,0,,,,,,,15,,,,
375,Rin Tohsaka,1,0,0,,,,,,,15,,,,
376,Illyasviel,1,0,0,,,,,,,15,,,,
377,Youcan,0,0,0,,,,,,,17,,,,
378,5th Anniversary Birthday Cake,0,0,0,1,,,,,,1,,,,
379,Super Cosmic Cyclone,0,0,0,,,,,,,20,,,,
380,5th Anniversary Dummy,0,0,0,,,,,,,1,,,,
381,Winged Pigge,0,0,0,,,,,,,18,,,,
382,Mystic Mask Yulala,0,0,0,,,,,,,24,,,,
383,Karin Nekozuka,1,1,0,,,,,,,15,,,,
384,Misaki Konno,1,1,0,,,,,,,15,,,,
385,Sairi Nijitani,1,1,0,,,,,,,15,,,,
386,Ren Katagiri,1,1,0,,,,,,,15,,,,
387,Hater,1,1,0,,,,,,,15,,,,
388,Prof. Wild Base,1,1,0,,,,,,,15,,,,
389,Hackey,0,0,0,,,,,,,19,,,,
390,UltraBaaBaa,0,0,0,,,,1,,,8,,,,
391,Pigge Victorious,0,0,0,,,,,,,6,,,,
392,Bang-Bang,0,0,0,,,,,,,12,,,,
393,Mentori,1,1,0,,,,,,,15,,,,
394,The 4th Angel,1,0,0,,,,,,,15,,,,
395,The 6th Angel,1,0,0,,,,,,,15,,,,
396,The 9th Angel,1,0,0,,,,,,,15,,,,
397,The 10th Angel,1,0,0,,,,,,,15,,,,
398,Crazed Moneko,0,0,0,,,,,,,20,,,,
399,Corrupted Moneko,0,0,0,,,,,,,20,,,,
400,Glowstick Guys,0,0,0,,,,,,,1,,,,
401,Pokota,1,1,0,,,,,,,15,,,,
402,Ovis,1,1,0,,,,,,,15,,,,
403,Coco,1,1,0,,,,,,,15,,,,
404,Moe Uzumasa & Doge,1,1,0,,,,,,,15,,,,
405,Saki Matsuga & Doge,1,1,0,,,,,,,15,,,,
406,Misa Ono & Doge,1,1,0,,,,,,,15,,,,
407,Mecha-Bun,0,0,0,,,,,,,22,,,,
408,Relic Bun-Bun,0,0,0,,,,,,,23,,,,
409,Relic Doge,0,0,0,,,,,,,4,,,,
410,Crazed Yuki,1,0,0,,,,,,,15,,,,
411,Gude-Doge Machine,1,1,0,,,,,,,15,,,,
412,Gudebene Cat,1,1,0,,,,,,,15,,,,
413,Gorilliam,0,0,0,,,,,,,19,,,,
414,Sir Rel,0,0,0,,,,,,,7,,,,
415,Oldhorn,0,0,0,,,,,,,14,,,,
416,Othom,0,0,0,,,,,,,17,,,,
417,Betakkuma,1,1,0,,,,,,,15,,,,
418,Selena,0,0,0,,,,,,,15,,,,
419,Kid Tappa,0,0,0,,,,1,,,13,,,,
420,Ribbo,0,0,0,,,,1,,,14,,,,
421,Cat God,0,0,0,,,,1,,,25,,,,
422,Loris,0,0,0,,,,,,,17,,,,
423,Heavenly Le'saint,0,0,0,,,,,,,20,,,,
424,The Red Malice,0,0,0,,,,,,,18,,,,
425,Lowkey,0,0,0,,,,,,,19,,,,
426,M. Ost,0,0,0,,,,,,,19,,,,
427,Dead Donny Dash,0,0,0,,,,,,,14,,,,
428,CTO Seal,0,0,0,,,,,,,16,,,,
429,Cadaver Bear,0,0,0,,,,,,,17,,,,
430,Dread Bore,0,0,0,,,,,,,17,,,,
431,Nutcracker Witch,1,0,0,,,,,,,15,,,,
432,Satan Claus,0,0,0,,,,,,,17,,,,
433,Bakoo,0,0,0,,,,,,,24,,,,
434,Hikakin,1,1,0,,,,,,,15,,,,
435,Mukyakin,1,1,0,,,,,,,15,,,,
436,Sister Lione,0,0,0,,,,,,,15,,,,
437,6th Anniversary Birthday Cake,0,0,0,1,,,,,,1,,,,
438,6th Anniversary Dummy,0,0,0,,,,,,,-1,,,,
439,Lucky Dags,0,0,0,,,,,,,13,,,,
440,Primeval Cyclone,0,0,0,,,,,,,22,,,,
441,Li'l Bore,0,0,0,,,,,,,1,,,,
442,Bears Be Back,0,0,0,,,,,,,16,,,,
443,Saber Alter,1,0,0,,,,,,,15,,,,
444,Ms. Madonna,0,0,0,,,,,,,16,,,,
445,Mesocosmocyclone,0,0,0,,,,1,,,12,,,,
446,Gardeneel Bros.,0,0,0,,,,1,,,18,,,,
447,Axoloty,0,0,0,,,,1,,,18,,,,
448,Final Boss Giga-God,0,0,0,,,,1,,,24,,,,
449,Filibuster Obstructa,0,0,0,,,,,,,29,,,,
450,Idol Mihara & Cat,1,1,0,,,,,,,15,,,,
451,Haterbaa 2.0,0,0,0,,,,,,,13,,,,
452,Dogumaru,0,0,0,,,,,,,20,,,,
453,Maji Cat & Cat Tour Group,1,1,0,,,,,,,15,,,,
454,Super Devil,1,0,0,,,,,,,15,,,,
455,Satanmaria,1,0,0,,,,,,,15,,,,
456,Wondermaria,1,0,0,,,,,,,15,,,,
457,Beastly Nero,1,0,0,,,,,,,15,,,,
458,Head Rococo,1,0,0,,,,,,,15,,,,
459,Gummy Cat,0,0,0,,,,,,,9,,,,
460,Kitarou,1,1,0,,,,,,,15,,,,
461,Medama-Oyaji,1,1,0,,,,,,,15,,,,
462,Neko-Musume,1,1,0,,,,,,,15,,,,
463,Kano & Souma,1,,0,,,,,,,15,,,,
464,Gekirinchi,1,,0,,,,,,,15,,,,
465,Judgment,1,,0,,,,,,,15,,,,
466,Unit-13's False Evolution,1,,0,,,,,,,15,,,,
467,HAPPI,1,1,0,,,,,,,15,,,,
468,HAPPI & Maji Cat & Cat,1,1,0,,,,,,,15,,,,
469,Chocolate Cat,1,1,0,,,,,,,15,,,,
470,Zuche,0,0,0,,,,,,,14,,,,
471,The Thrillerz,0,0,0,,,,,,,7,,,,
472,Shakurel Doge,1,1,0,,,,,,,15,,,,
473,Shakurel Gory,1,1,0,,,,,,,15,,,,
474,Shakurel Face,1,1,0,,,,,,,15,,,,
475,Shakurel Lion,1,1,0,,,,,,,15,,,,
476,Shakurel Tiger,1,1,0,,,,,,,15,,,,
477,Shakurel Panda,1,1,0,,,,,,,15,,,,
478,Dot Hero,1,1,0,,,,,,,15,,,,
479,Mr. Puffington,0,0,0,,,,,,,18,,,,
480,Li'l Cake Doge,0,0,0,1,,,,,,1,,,,
481,Puffsley's Comet,0,0,0,,,,,,,23,,,,
482,Ryu,1,0,0,,,,,,,15,,,,
483,Chun-Li,1,0,0,,,,,,,15,,,,
484,Guile,1,0,0,,,,,,,15,,,,
485,Zangief,1,0,0,,,,,,,15,,,,
486,Blanka,1,0,0,,,,,,,15,,,,
487,Dhalsim,1,0,0,,,,,,,15,,,,
488,Ken,1,0,0,,,,,,,15,,,,
489,Car,1,0,0,,,,,,,15,,,,
490,Akuma,1,0,0,,,,,,,15,,,,
491,7th Anniversary Birthday Cake,0,0,0,1,,,,,,1,,,,
492,7th Anniversary Dummy,0,0,0,,,,,,,-1,,,,
493,Black Okame,0,0,0,,,,,,,27,,,,
494,Heavenly Herald Papuu,0,0,0,,,,,,,28,,,,
495,Queen Mother V,0,0,0,,,,,,,23,,,,
496,Rat Doge,0,0,0,,,,,,,2,,,,
497,Kappy Jr.,0,0,0,,,,,,,25,,,,
498,Urs & Fenrir,0,0,0,,,,,,,23,,,,
499,Croconator,0,0,0,,,,,,,8,,,,
500,Gobble,0,0,0,,,,,,,17,,,,
501,Baron Seal,0,0,0,,,,,,,20,,,,
502,Hatsune Miku,1,0,0,,,,,,,15,,,,
503,Sakura Miku,1,0,0,,,,,,,15,,,,
504,Kagamine Rin & Len,1,0,0,,,,,,,15,,,,
505,MikuDoge,1,0,0,,,,,,,15,,,,
506,MikuGory,1,0,0,,,,,,,15,,,,
507,MikuBear,1,0,0,,,,,,,15,,,,
508,Everlord Wanwan,0,0,0,,,,,,,26,,,,
509,Messier,1,0,0,,,,,,,15,,,,
510,Yakisoba U.F.O. Cat,1,0,0,,,,,,,15,,,,
511,Yakisoba Face,1,0,0,,,,,,,15,,,,
512,Le'Grim,0,0,0,,,,,,,21,,,,
513,Death Angel Z-Onel,0,0,0,,,,,,,26,,,,
514,Li'l Zyclone,0,0,0,,,,,,,16,,,,
515,St. Dober,0,0,0,,,,,,,20,,,,
516,Doremi,0,0,0,,,,,,,27,,,,
517,Mega-Mooth,0,0,0,,,,,,,23,,,,
518,Master Uril,0,0,0,,,,,,,25,,,,
519,Koronium,0,0,0,,,,,,,18,,,,
520,Super Zeus,1,0,0,,,,,,,15,,,,
521,Shaman Khan,1,0,0,,,,,,,15,,,,
522,Heracrist,1,0,0,,,,,,,15,,,,
523,Johnnyleon,0,0,0,,,,,,,20,,,,
524,Relic Doge Base,0,0,0,,,,,,,-1,,,,
525,Happy Birthday Cake,0,0,0,1,,,,,,1,,,,
526,Surge Base,0,0,0,,,,,,,-1,,,,
527,Super Hyppoh,0,0,0,,,,,,,26,,,,
528,Idi:Re,0,0,0,,,,,,,25,,,,
529,Zollow,0,0,0,,,,,,,16,,,,
530,E. Honda,1,0,0,,,,,,,15,,,,
531,Balrog,1,0,0,,,,,,,15,,,,
532,Vega,1,0,0,,,,,,,15,,,,
533,Sagat,1,0,0,,,,,,,15,,,,
534,M. Bison,1,0,0,,,,,,,15,,,,
535,8th Anniversary Birthday Cake,0,0,0,1,,,,,,1,,,,
536,8th Anniversary Dummy,0,0,0,,,,,,,-1,,,,
537,Evil Emperor Cat,0,0,0,,,,,,,22,,,,
538,Megurine Luka,1,0,0,,,,,,,15,,,,
539,Cow Doge,0,0,0,,,,,,,2,,,,
540,Bore Jr.,0,0,0,,,,,,,15,,,,
541,Chocolate Doge,0,0,0,,,,,,,15,,,,
542,Snow Miku 2021,1,0,0,,,,,,,15,,,,
543,Raynard,0,0,0,,,,,,,19,,,,
544,Ranma Saotome (M),1,0,0,,,,,,,15,,,,
545,Akane Tendo,1,0,0,,,,,,,15,,,,
546,Ryoga Hibiki,1,0,0,,,,,,,15,,,,
547,Shampoo,1,0,0,,,,,,,15,,,,
548,Mousse,1,0,0,,,,,,,15,,,,
549,Mr. Mer,0,0,0,,,,,,,19,,,,
550,Wafer Cat XL,0,0,0,,,,,,,14,,,,
551,Ragin' Gory,0,0,0,,,,,,,16,,,,
552,Shin Godzilla,1,0,0,,,,,,,15,,,,
553,Elder Flame Doron,0,0,0,,,,,,,14,,,,
554,Aku Doge,0,0,0,,,,,,,7,,,,
555,Sinner Snache,0,0,0,,,,,,,3,,,,
556,Cerberus Kids,0,0,0,,,,,,,2,,,,
557,Condemned Peng,0,0,0,,,,,,,11,,,,
558,Aku Gory,0,0,0,,,,,,,15,,,,
559,Le'Behemoth,0,0,0,,,,,,,18,,,,
560,Fallen Bear,0,0,0,,,,,,,17,,,,
561,Wicked Face,0,0,0,,,,,,,19,,,,
562,Aku Cyclone,0,0,0,,,,,,,23,,,,
563,Wicked Cat,0,0,0,,,,,,,20,,,,
564,Wicked Tank Cat,0,0,0,,,,,,,20,,,,
565,Wicked Axe Cat,0,0,0,,,,,,,20,,,,
566,E-564,0,0,0,,,,,,,-1,,,,
567,E-565,0,0,0,,,,,,,-1,,,,
568,E-566,0,0,0,,,,,,,-1,,,,
569,E-567,0,0,0,,,,,,,-1,,,,
570,E-568,0,0,0,,,,,,,-1,,,,
571,E-569,0,0,0,,,,,,,-1,,,,
572,Dark Priest Mamon,0,0,0,,,,,,,20,,,,
573,High Priest Mamon,0,0,0,,,,,,,20,,,,
574,Lord of Ruin Jagando,0,0,0,,,,,,,22,,,,
575,Possessed Empress,0,0,0,,,,,,,23,,,,
576,Aku Altar,0,0,0,,,,,,,-1,,,,
577,Inactive Aku Altar,0,0,0,,,,,,,-1,,,,
578,Large White Ball,0,0,0,,,,,,,4,,,,
579,Large Red Ball,0,0,0,,,,,,,4,,,,
580,Large Iron Ball,0,0,0,,,,,,,4,,,,
581,Incubator,1,0,0,,,,,,,15,,,,
582,White Wind,0,0,0,,,,,,,6,,,,
583,Red Wind,0,0,0,,,,,,,6,,,,
584,Black Wind,0,0,0,,,,,,,6,,,,
585,Medu-san,0,0,0,,,,,,,18,,,,
586,Miz Devil,0,0,0,,,,,,,5,,,,
587,Sathankhamun VIII,0,0,0,,,,,,,23,,,,
588,Midnite D.,0,0,0,,,,,,,17,,,,
589,Ackey,0,0,0,,,,,,,17,,,,
590,Deathkory,0,0,0,,,,,,,18,,,,
591,Masked Grandmaster Cat,0,0,0,,,,,,,24,,,,
592,9th Anniversary Birthday Cake,0,0,0,1,,,,,,1,,,,
593,9th Anniversary Dummy,0,0,0,,,,,,,-1,,,,
594,Red EnerG,0,0,0,,,,,,,18,,,,
595,Archangel Exiel,0,0,0,,,,,,,22,,,,
596,Big Peng Z,0,0,0,,,,,,,23,,,,
597,Tiger Doge,0,0,0,,,,,,,2,,,,
598,Nana & Doge,1,0,0,,,,,,,15,,,,
599,Emilia & Doge,1,0,0,,,,,,,15,,,,
600,Firecracker,0,0,0,,,,,,,2,,,,
601,Ultima Beast Naala,0,0,0,,,,,,,24,,,,
602,Zapy,0,0,0,,,,,,,17,,,,
603,Secret Crush Base,0,0,0,,,,,,,-1,,,,
604,Confessional Tree,0,0,0,,,,,,,-1,,,,
605,Wild Doge,0,0,0,,,,,,,7,,,,
606,Casaurian Ahirujo,0,0,0,,,,,,,17,,,,
607,Pterowl Hazuku,0,0,0,,,,,,,22,,,,
608,Crustaceous Scissorex,0,0,0,,,,,,,23,,,,
609,J.J. Jackrabbit,0,0,0,,,,,,,15,,,,
610,Li'l Doge,0,0,0,,,,,,,4,,,,
611,Golem Sunfish,0,0,0,,,,,,,22,,,,
612,THE FOLIVOREAN,0,0,0,,,,,,,19,,,,
613,Casaurian Darkjo,0,0,0,,,,,,,17,,,,
614,Haniwanwan,0,0,0,,,,,,,15,,,,
615,Angelic Beast Rajakong,0,0,0,,,,,,,20,,,,
616,Formicidaean Ariant,0,0,0,,,,,,,16,,,,
617,Great Angel Chibinel,0,0,0,,,,,,,18,,,,
618,Spiritual Yulala,0,0,0,,,,,,,24,,,,
619,Osamu Mikumo & Doge,1,1,0,,,,,,,15,,,,
620,Yuma Kuga & Doge,1,1,0,,,,,,,15,,,,
621,Marmod,1,1,0,,,,,,,15,,,,
622,Red Marmod,1,1,0,,,,,,,15,,,,
623,Black Marmod,1,1,0,,,,,,,15,,,,
624,Sakura,1,1,0,,,,,,,15,,,,
625,Luke,1,1,0,,,,,,,15,,,,
626,Cumulus Gallus,0,0,0,,,,,,,18,,,,
627,10th Anniv. Cake Doge,0,0,0,1,,,,,,1,,,,
628,10th Anniversary Dummy,0,0,0,,,,,,,-1,,,,
629,Ancient Magamojoe,0,0,0,,,,,,,19,,,,
630,Great Ape Luza,0,0,0,,,,,,,23,,,,
631,Zero Luza,0,0,0,,,,,,,27,,,,
632,Metafilibuster,0,0,0,,,,,,,30,,,,
633,Rabbit Doge,0,0,0,,,,,,,2,,,,
634,Origin Base,0,0,0,,,,,,,-1,,,,
635,Killer Tank Cat,0,0,0,,,,,,,5,,,,
636,Vermilingua Rangmaster,0,0,0,,,,,,,19,,,,
637,Easter Egg Cat,0,0,0,,,,,,,20,,,,
638,Devil Wife,0,0,0,,,,,,,12,,,,
639,Omens,0,0,0,,,,,,,20,,,,
640,Mini White Cyclone,0,0,0,,,,,,,14,,,,
641,Infernal Pegasus Deonil,0,0,0,,,,,,,19,,,,
642,Suidae Piggicus,0,0,0,,,,,,,15,,,,
643,Elephantidae Papaou,0,0,0,,,,,,,19,,,,
644,Infernal Tyrant Nyandam,0,0,0,,,,,,,26,,,,
645,Grand Mage Mimon,0,0,0,,,,,,,24,,,,
646,E-644,0,0,0,,,,,,,-1,,,,
647,10th and 1/2 Anniversary Birthday Cake,0,0,0,1,,,,,,1,,,,
648,Redhead Muscled Yuki Cat,1,0,0,,,,,,,15,,,,
649,EVA Unit-13,1,0,0,,,,,,,15,,,,
650,Clown Base,0,0,0,,,,,,,-1,,,,
651,Lutrinae Gokurakko,0,0,0,,,,,,,16,,,,
652,Iguanidae Ibilujon,0,0,0,,,,,,,22,,,,
653,Finale Base,1,0,0,,,,,,,-1,,,,
654,Lophiiformes Angaburu,0,0,0,,,,,,,16,,,,
655,Kappy Kawano,0,0,0,,,,,,,27,,,,
656,Mega Baa Baa,0,0,0,,,,,,,15,,,,
657,Crocodylidae Kurocroc,0,0,0,,,,,,,24,,,,
658,Hatsune Miku XVI,1,0,0,,,,,,,15,,,,
659,Relay Base,0,0,0,,,,,,,-1,,,,
660,Mini Angel Cyclone,0,0,0,,,,,,,16,,,,
661,Ensanglion the Calamity,0,0,0,,,,,,,23,,,,
662,Malevolent Mohawk Cat,0,0,0,,,,,,,23,,,,
663,Malevolent Eraser Cat,0,0,0,,,,,,,23,,,,
664,Malevolent Dark Cat,0,0,0,,,,,,,22,,,,
665,Malevolent Macho Leg Cat,0,0,0,,,,,,,17,,,,
666,Malevolent Lion Cat,0,0,0,,,,,,,14,,,,
667,Malevolent Flying Cat,0,0,0,,,,,,,22,,,,
668,Malevolent Island Cat,0,0,0,,,,,,,16,,,,
669,Malevolent King Dragon Cat,0,0,0,,,,,,,19,,,,
670,Malevolent Jamiera Cat,0,0,0,,,,,,,23,,,,
671,Jar Base,0,0,0,,,,,,,-1,,,,
672,King's Mimic,1,1,0,,,,,,,15,,,,
673,King Doge,1,1,0,,,,,,,15,,,,
674,11th Anniv. Doge Cake,0,0,0,1,,,,,,1,,,,
675,11th Anniversary Dummy,0,0,0,,,,,,,-1,,,,
676,Esoteric Uril,0,0,0,,,,,,,25,,,,
677,SOL DAE ROKKER,1,0,0,,,,,,,15,,,,
678,Dragon Doge,0,0,0,,,,,,,2,,,,
679,Sage of Mind Soractes,0,0,0,,,,,,,26,,,,
680,Killer Axe Cat Base,0,0,0,,,,,,,-1,,,,
681,Dogenstein,0,0,0,,,,,,,6,,,,
682,Tarsiriel,0,0,0,,,,,,,16,,,,
683,Artillery Dummy,0,0,0,,,,,,,-1,,,,
684,Dark Dober,0,0,0,,,,,,,21,,,,
685,Gigahaniwan,0,0,0,,,,,,,22,,,,
686,Mysterious Calamity,1,1,0,,,,,,,15,,,,
687,Possessed King Doge,1,1,0,,,,,,,15,,,,
688,Voluptuous Peony - Daji,1,1,0,,,,,,,15,,,,
689,Madhead,1,1,0,,,,,,,15,,,,
690,Kenshin Himura,1,0,0,,,,,,,15,,,,
691,Sanosuke Sagara,1,0,0,,,,,,,15,,,,
692,Aoshi Shinomori,1,0,0,,,,,,,15,,,,
693,Hajime Saito,1,0,0,,,,,,,15,,,,
694,Doctor K.O.,0,0,0,,,,,,,15,,,,
695,Wave Dummy,0,0,0,,,,,,,-1,,,,
696,Techn-Old Hyena,0,0,0,,,,,,,17,,,,
697,Log,0,0,0,,,,,,,7,,,,
698,Boulder,0,0,0,,,,,,,6,,,,
699,Diabrollow,0,0,0,,,,,,,15,,,,
700,Oldstrich,0,0,0,,,,,,,19,,,,
701,Sage of Life Dr. Nova,0,0,0,,,,,,,26,,,,
702,Idi:Ne,0,0,0,,,,,,,16,,,,
703,Cafeteria Cat,0,0,0,,,,,,,21,,,,
704,Bannerman Doge,0,0,0,,,,,,,2,,,,
705,Commander Face,0,0,0,,,,,,,12,,,,
706,Commander Nyandam,0,0,0,,,,,,,17,,,,
707,Commander Hannya,0,0,0,,,,,,,19,,,,
708,Commander Bun Bun,0,0,0,,,,,,,19,,,,
709,Revolutionary Nobunaga,0,0,0,,,,,,,18,,,,
710,12th Anniversary Birthday Cake,0,0,0,1,,,,,,1,,,,
711,12th Anniversary Dummy,0,0,0,,,,,,,-1,,,,
712,Catclaw Castle,0,0,0,,,,,,,-1,,,,
713,Snache Doge,0,0,0,,,,,,,2,,,,
714,Mystery Snowmound,0,0,0,,,,,,,19,,,,
715,Prof. Owlbrowley,0,0,0,,,,,,,17,,,,
716,Xenobeast Bunaglios,0,0,0,,,,,,,27,,,,
717,Shachiko,0,0,0,,,,,,,19,,,,
718,Holy Valkyrie Cat,0,0,0,,,,,,,20,,,,
719,Awakened Bahamut Cat,0,0,0,,,,,,,28,,,,
720,Choco Capsule,1,0,0,,,,,,,15,,,,
721,Killer Gross Cat,0,0,0,,,,,,,16,,,,
722,Talent Orb Castle,1,0,0,,,,,,,-1,,,,
723,Perry Duche,1,0,0,,,,,,,15,,,,
724,Puffzerker,0,0,0,,,,,,,18,,,,
725,Commander Ostromeda,0,0,0,,,,,,,17,,,,
726,Baki Hanma,1,0,0,,,,,,,15,,,,
727,Retsu Kaioh,1,0,0,,,,,,,15,,,,
728,Kaoru Hanayama,1,0,0,,,,,,,15,,,,
729,Katsumi Orochi,1,0,0,,,,,,,15,,,,
730,Jack Hammer,1,0,0,,,,,,,15,,,,
731,Sage of Logic Newton,1,0,0,,,,,,,15,,,,
732,Sonic,1,0,0,,,,,,,15,,,,
733,Tails,1,0,0,,,,,,,15,,,,
734,Knuckles,1,0,0,,,,,,,15,,,,
735,Shadow,1,0,0,,,,,,,15,,,,
736,Goal Plate Base,0,0,0,,,,,,,-1,,,,
737,Ange Lackey,0,0,0,,,,,,,18,,,,
738,South Seas Doge,0,0,0,,,,,,,2,,,,
739,South Seas Otter,0,0,0,,,,,,,14,,,,
740,Parasol Base,0,0,0,,,,,,,-1,,,,
741,Freeze Dummy,0,0,0,,,,,,,-1,,,,
742,Mass Production EVA,1,0,0,,,,,,,15,,,,
743,Whiskingmeister,0,0,0,,,,,,,14,,,,
744,Fireworks Gang,0,0,0,,,,,,,18,,,,
745,Jumbo Jones,0,0,0,,,,,,,26,,,,
746,Deathshund,0,0,0,,,,,,,20,,,,
747,Darkmadillo,0,0,0,,,,,,,17,,,,
748,Manager Cat & Clerk Cat,1,0,0,,,,,,,15,,,,
750,Cammy,1,0,0,,,,,,,15,,,,
751,Juri,1,0,0,,,,,,,15,,,,
752,Supervillain Doge,0,0,0,,,,,,,2,,,,
753,Evilzabeth,0,0,0,,,,,,,13,,,,
754,Mrs. Peng,0,0,0,,,,,,,9,,,,
755,Face Baron,0,0,0,,,,,,,10,,,,
756,Big Face Baron,0,0,0,,,,,,,17,,,,
757,Lady Skory,0,0,0,,,,,,,14,,,,
758,Lady Great Skory,0,0,0,,,,,,,21,,,,
759,Malevolent Great Emperor Warumon,0,0,0,,,,,,,17,,,,
760,Super Malevolent Great Emperor Warumon,0,0,0,,,,,,,19,,,,
761,13th Anniv. Doge Cake,0,0,0,1,,,,,,1,,,,
762,Horse Doge,0,0,0,,,,,,,2,,,,
763,Rui,1,0,0,,,,,,,15,,,,
764,Enmu,1,0,0,,,,,,,15,,,,
765,Akaza,1,0,0,,,,,,,15,,,,
766,Demon Doge,0,0,0,,,,,,,2,,,,
767,Demon Gory,0,0,0,,,,,,,5,,,,
768,Demon Teacher Bear,0,0,0,,,,,,,10,,,,
769,Eyes of Forced Unconscious Sleep,0,0,0,,,,,,,-1,,,,
770,Le'Prude,0,0,0,,,,,,,22,,,,
771,Poultrio,0,0,0,,,,,,,29,,,,
772,Killer Cowbird Cat,0,0,0,,,,,,,5,,,,
773,The Golden Face,0,0,0,,,,,,,19,,,,
